Update:,2015-02-21 00:07:41 +0900
緑Lv,黄Lv,赤Lv,楽曲名,BSC,BR,ADV,AR,EXT,ER
1,5,7,RPG,0,N,0,N,0,N
4,7,9,R.P.G.～Rockin' Playing Game,0,N,0,N,868573,A
3,6,8,愛,0,N,0,N,0,N
5,7,9,I/O,0,N,0,N,982926,SSS
4,6,8,Icicles,0,N,0,N,0,N
3,7,9,eyes,0,N,0,N,0,N
2,5,8,愛する覚悟,0,N,0,N,0,N
4,6,8,愛と勇気の三度笠ポン太,0,N,0,N,0,N
3,8,10,アイネクライネ,0,N,0,N,952146,SS
3,4,7,あいのうた,0,N,0,N,0,N
6,9,10,愛は不死鳥の様に,0,N,0,N,883903,A
4,8,10,I'm so Happy,0,N,949980,S,947964,S
4,5,8,I love マミー,0,N,0,N,0,N
6,7,9,Across the nightmare,0,N,0,N,0,N
5,7,9,Asterism,0,N,0,N,0,N
6,9,10,アストライアの双皿,0,N,935161,S,905391,S
5,8,9,athletic meet of sound toy,0,N,0,N,0,N
4,7,9,attack in the minor key,0,N,0,N,941109,S
5,8,10,anemone,0,N,0,N,962407,SS
2,6,8,a burning bullet,0,N,0,N,0,N
3,6,7,a fact of life,0,N,0,N,994428,SSS
3,7,9,Ahead Of The Light,0,N,0,N,0,N
3,6,9,天ノ弱,0,N,0,N,995599,SSS
4,8,9,Amalgamation,0,N,0,N,982298,SSS
4,7,9,雨ノチHello,0,N,0,N,0,N
3,7,9,Arousing,0,N,0,N,935520,S
5,8,10,新たな幕開け,0,N,0,N,936684,S
5,7,9,アルストロメリア,0,N,0,N,935091,S
5,7,10,ALBIDA,0,N,0,N,908891,S
5,8,10,Our Faith,0,N,0,N,907702,S
2,5,8,いーあるふぁんくらぶ,985561,SSS,989065,SSS,986654,SSS
7,10,10,yellow head joe,0,N,946763,S,881327,A
5,9,10,Ignis Danse,0,N,0,N,921408,S
3,6,9,イ号零型,0,N,0,N,929780,S
3,6,9,いっぽんでもニンジン,0,N,0,N,961427,SS
5,8,10,Idola,0,N,0,N,967906,SS
4,7,9,イブの時代っ！,0,N,0,N,980106,SSS
6,7,9,IN THE NAME OF LOVE,0,N,0,N,965629,SS
4,7,9,In Scottish Highlands,0,N,0,N,707579,C
2,7,8,INVISIBLE WORLD,0,N,0,N,0,N
2,5,8,Infinity,0,N,0,N,931681,S
2,8,9,INFORMER,0,N,0,N,0,N
3,6,8,インベーダーインベーダー,0,N,0,N,0,N
7,9,10,Vermilion,0,N,967140,SS,928358,S
5,7,9,Vanity,0,N,0,N,867232,A
4,8,10,VALLIS-NERIA,0,N,0,N,963545,SS
5,8,10,We're so Happy,0,N,0,N,916294,S
3,5,7,We are チャリンコエンジェルス,0,N,0,N,0,N
3,7,9,ウィリアム・テル序曲,0,N,0,N,913746,S
4,7,9,Windy Fairy,0,N,0,N,974985,SS
1,6,9,WAVES; Q;indivi+WISE,0,N,0,N,853381,A
5,9,10,VERTeX,0,N,0,N,937605,S
3,7,9,Wow Wow VENUS,0,N,0,N,915094,S
5,9,10,Water Horizon,0,N,971832,SS,958691,SS
4,8,10,嘘憑きとサルヴァドール,0,N,0,N,959702,SS
3,7,9,歌の翼,0,N,0,N,0,N
3,7,9,梅雪夜,0,N,0,N,961567,SS
4,7,9,うらもからだも落花微塵,0,N,0,N,774816,C
5,9,10,AIR RAID FROM THA UNDAGROUND,0,N,752876,C,838055,B
4,7,9,8 -eight-,0,N,0,N,919550,S
5,8,9,800nm,0,N,0,N,912802,S
4,6,9,A to Z,0,N,0,N,0,N
4,7,9,EXORCISM,0,N,0,N,939703,S
3,5,8,ECO FIGHTER,0,N,0,N,0,N
3,7,9,SOS,0,N,0,N,641683,D
4,5,8,ESCAPE,0,N,0,N,0,N
1,6,8,ETERNAL BLAZE,0,N,0,N,0,N
3,6,8,eternal reality,0,N,0,N,0,N
3,6,9,Energy,0,N,0,N,0,N
6,8,10,Evans,0,N,938961,S,889875,A
2,6,8,Everybody Say EDOGAWA,0,N,0,N,0,N
6,8,10,AREA 51,0,N,0,N,928586,S
5,7,9,electro peaceful,0,N,0,N,0,N
5,9,10,Elemental Creation,0,N,0,N,860029,A
5,8,10,encounter,0,N,0,N,955097,SS
4,8,10,Engraved Mark,0,N,0,N,961568,SS
2,5,8,Endless Chain～2人でトリガーをひこう～,0,N,0,N,0,N
5,8,10,Empathetic,0,N,0,N,911711,S
3,7,9,O JIYA,0,N,0,N,918570,S
4,9,10,OVERHEAT -Type J-,0,N,0,N,853253,A
4,6,9,aura,0,N,0,N,937220,S
4,8,9,ALL MY HEART -この恋に、わたしの全てを賭ける-,0,N,0,N,973825,SS
4,7,10,お米の美味しい炊き方、そしてお米を食べることによるその効果。,0,N,0,N,904612,S
6,9,10,御千手メディテーション,0,N,0,N,865860,A
3,7,8,乙女の真骨頂,0,N,0,N,0,N
4,7,9,乙女繚乱 舞い咲き誇れ,0,N,0,N,959247,SS
4,7,9,朧,0,N,0,N,983125,SSS
2,5,8,オムライス,0,N,0,N,0,N
3,7,9,オリオンをなぞる,0,N,0,N,782599,C
3,6,8,オレンジ,0,N,0,N,0,N
3,7,8,On and On,0,N,0,N,0,N
3,6,8,温故知新でいこっ！,0,N,0,N,970633,SS
3,6,8,only my railgun,0,N,0,N,913064,S
1,6,8,Garden of Love,0,N,0,N,0,N
2,6,7,CARTOON HEROES,0,N,805109,B,0,N
3,7,9,カーニバる？,0,N,0,N,879729,A
3,6,8,カーニバル,0,N,0,N,0,N
5,8,10,KHAMEN BREAK,0,N,0,N,952580,SS
4,9,10,GAIA,0,N,0,N,912668,S
4,6,8,陽炎,0,N,0,N,0,N
3,6,8,Cassis,0,N,0,N,970817,SS
0,0,0,過食性:アイドル症候群,0,N,0,N,0,N
2,6,7,風一揆,0,N,0,N,0,N
4,6,9,カタルシスの月,0,N,0,N,896332,A
6,8,10,[E],0,N,0,N,950937,SS
5,7,9,coming true,0,N,0,N,953877,SS
5,9,10,Garakuta Doll Play,0,N,0,N,922555,S
3,5,9,カラフルミニッツ,0,N,0,N,0,N
4,7,9,カラルの月,0,N,0,N,935815,S
2,6,9,川崎純情音頭,0,N,0,N,0,N
3,7,9,KUNG-FU MAMA,0,N,0,N,0,N
4,6,7,記憶の欠片,0,N,0,N,0,N
6,7,10,GIGA BREAK,0,N,0,N,960781,SS
3,7,9,Kiss & Ride,0,N,0,N,0,N
2,5,7,キセキ,0,N,0,N,0,N
5,9,10,きたさいたま2000,0,N,0,N,916804,S
6,8,10,ギタ・ドラ・jubeat大夏祭りのテーマ,0,N,0,N,928890,S
3,8,10,Kick It Out,0,N,0,N,964207,SS
4,6,8,鬼帝の剣,0,N,0,N,0,N
3,4,5,気分上々↑↑,0,N,0,N,0,N
4,7,10,Gimme a Big Beat,0,N,0,N,970674,SS
2,5,8,キミ記念日～生まれて来てくれてアリガトウ。～,0,N,0,N,0,N
3,6,8,君の元へ,0,N,0,N,0,N
2,6,8,きみはキョンシー RAM RIDER REMIX,0,N,0,N,0,N
2,6,8,君をのせて feat.sayurina,0,N,0,N,0,N
3,5,7,ギャグ,0,N,0,N,0,N
4,8,9,逆ナンされたのにドタキャン!!,0,N,0,N,0,N
3,6,8,キャッチーを科学する,0,N,0,N,0,N
3,6,7,CAT'S EYE,0,N,0,N,0,N
3,6,10,CAPTIVE,0,N,0,N,912018,S
4,9,10,caramel ribbon,0,N,0,N,970231,SS
3,6,9,candii,0,N,0,N,917626,S
3,6,8,きょうもハレバレ,0,N,0,N,0,N
3,6,9,キラーボール,0,N,0,N,0,N
3,5,8,キライじゃないのぉ,0,N,0,N,0,N
7,8,9,キラキラ☆ステーション,0,N,0,N,902067,S
5,7,9,キルト,0,N,0,N,738153,C
3,7,9,銀河,0,N,0,N,855785,A
5,8,9,quaver♪,0,N,0,N,984414,SSS
4,7,8,Queen's Paradise,0,N,0,N,0,N
2,5,8,GOOD LUCKY!!!!!,0,N,0,N,0,N
4,8,9,Good-bye Chalon,0,N,0,N,966412,SS
3,8,9,Clumsy thoughts,0,N,0,N,976800,SS
4,8,9,Green Green Dance,0,N,0,N,977699,SS
2,6,7,CRAZY FOR YOU,0,N,0,N,0,N
5,8,10,Cleopatrysm,0,N,0,N,937000,S
2,5,8,紅空,0,N,873665,A,0,N
3,6,9,紅蓮の焔,0,N,0,N,953049,SS
3,6,8,グローランプ,0,N,0,N,0,N
3,6,9,黒髪乱れし修羅となりて,0,N,0,N,960970,SS
3,6,8,cloche,0,N,0,N,941913,S
3,7,9,Crosswind,0,N,0,N,943701,S
4,9,10,Chronos,0,N,984253,SSS,961695,SS
4,8,9,Get Off of My Way,0,N,0,N,0,N
5,8,10,ケッペキショウ,1000000,EXC,985688,SSS,918845,S
3,8,9,元気でやってるのかい?,0,N,0,N,778607,C
5,7,9,幻想系世界修復少女,0,N,0,N,992313,SSS
5,8,10,恋する☆宇宙戦争っ!!,0,N,0,N,969534,SS
4,7,8,恋とキングコング,0,N,0,N,982261,SSS
3,6,8,コイノチカラ,0,N,0,N,0,N
5,7,8,恋のメリーゴーランド,0,N,0,N,955246,SS
4,8,9,恋はどう？モロ◎波動OK☆方程式！！,0,N,0,N,916403,S
5,8,10,紅焔,0,N,0,N,952941,SS
3,6,8,GO,0,N,0,N,0,N
1,5,7,Go to the top,0,N,0,N,0,N
4,8,10,Go For The Top,0,N,0,N,950423,SS
4,7,8,Calling,0,N,0,N,0,N
3,7,10,GOLD,0,N,0,N,890648,A
3,6,8,虚空と光明のディスクール,0,N,0,N,0,N
5,8,10,Cosmic Hurricane,0,N,0,N,963192,SS
5,9,10,Gott,0,N,0,N,939236,S
5,8,10,Got more raves？,0,N,0,N,900205,S
3,6,8,こどなの階段,0,N,0,N,0,N
4,6,8,コネクト,0,N,0,N,934947,S
5,8,9,この青空の下で,0,N,0,N,952014,SS
5,8,9,この子の七つのお祝いに,0,N,0,N,893233,A
2,5,7,ごめんなさいのKissing You,0,N,0,N,0,N
6,9,10,concon,0,N,808763,B,902176,S
4,8,10,Concertino in Blue,0,N,0,N,875226,A
3,6,9,Condor,0,N,0,N,893298,A
7,10,10,Confiserie,0,N,936735,S,910824,S
3,5,8,最終回STORY,0,N,0,N,0,N
5,8,10,The Wind of Gold,0,N,0,N,930674,S
3,6,8,防人恋歌,0,N,0,N,997432,SSS
5,8,9,Sakura Sunrise,0,N,0,N,939109,S
2,7,8,大藝術家 -The Great Artist-,0,N,0,N,0,N
3,7,8,ザッツ!KAIYODO,0,N,0,N,0,N
3,5,8,サブリナ,0,N,0,N,0,N
4,7,8,Summer Holiday,0,N,0,N,962289,SS
3,7,9,さよならトリップ,0,N,0,N,971237,SS
3,6,9,サヨナラ・ヘヴン,0,N,0,N,981344,SSS
2,4,7,サンキュー。,0,N,0,N,0,N
2,6,8,Sandstorm,0,N,0,N,939145,S
3,6,9,幸せのかたち,0,N,0,N,899411,A
7,8,9,SEED,0,N,0,N,924117,S
3,6,7,Share The World,0,N,0,N,0,N
5,6,9,Jailbreak,0,N,0,N,0,N
4,7,9,SHION,0,N,0,N,919256,S
5,9,10,此岸の戯事,0,N,0,N,917647,S
6,8,9,SigSig,869755,A,0,N,959368,SS
3,7,9,sister's noise,0,N,0,N,981847,SSS
4,9,10,Synergy For Angels,0,N,0,N,979266,SS
5,8,10,Shining Wizard,0,N,0,N,919630,S
4,6,8,Shining Star,0,N,0,N,0,N
4,8,9,Shine On Me,0,N,0,N,990825,SSS
2,7,8,シャカビーチ～Laka Laka La～,0,N,0,N,659889,D
3,7,8,灼熱の翼,0,N,0,N,0,N
3,7,10,Just Awake,0,N,0,N,921151,S
3,6,9,ジャパンパン～日本全国地元化計画～,0,N,0,N,0,N
5,7,8,Jumping Boogie,0,N,0,N,0,N
5,8,10,終末を追う者,0,N,0,N,942265,S
4,8,9,十面相,998111,SSS,984071,SSS,975353,SS
2,5,7,瞬間 I LOVE YOU,0,N,0,N,0,N
1,6,8,じょいふる,0,N,0,N,0,N
2,5,8,Show up ! - short ver -,0,N,0,N,0,N
2,7,9,情熱大陸,0,N,0,N,880665,A
7,9,10,少年は空を辿る,0,N,0,N,919096,S
4,7,9,少年リップルズ,0,N,0,N,729726,C
7,9,10,JOMANDA,0,N,0,N,921223,S
6,7,9,SILVER☆DREAM,0,N,0,N,993717,SSS
4,7,9,白い雪のプリンセスは,0,N,0,N,0,N
3,5,9,think about you,0,N,0,N,984739,SSS
3,7,9,Synchrogazer,0,N,0,N,954236,SS
2,4,8,人生は素晴らしい物語。(Dear Japan Remix),0,N,0,N,0,N
2,5,7,シンデレラ,0,N,0,N,0,N
3,6,9,Switch On!,0,N,0,N,917547,S
4,6,9,SWEET ANGEL,0,N,0,N,736628,C
2,5,9,SWEET CUBE,0,N,0,N,929955,S
4,8,9,Sweet Rain,0,N,818262,B,936843,S
3,7,8,SUPER∞STREAM,0,N,0,N,0,N
4,7,8,Supernova,0,N,0,N,0,N
3,5,8,スーパーフレア,0,N,0,N,0,N
4,7,10,Scars of FAUNA,0,N,0,N,980443,SSS
3,7,9,Sky Is The Limit,0,N,0,N,0,N
4,8,10,Squeeze,0,N,0,N,881118,A
5,7,9,squall,0,N,0,N,979451,SS
4,6,8,Starlight Parade,0,N,0,N,0,N
5,8,10,STERLING SILVER,0,N,0,N,952413,SS
6,9,10,Stand Alone Beat Masta,0,N,0,N,834047,B
6,9,10,STELLAR WIND,0,N,0,N,917963,S
4,7,9,Stella Sinistra,0,N,0,N,0,N
3,8,10,STULTI,0,N,0,N,957757,SS
3,6,8,STREET DANCER,0,N,0,N,446074,E
3,7,9,ストレイ・マーチ,0,N,0,N,975874,SS
3,5,9,Straight Oath,0,N,0,N,0,N
5,7,8,Snow Goose,0,N,0,N,950491,SS
4,6,9,Snowfield Express,0,N,0,N,0,N
4,7,9,snow prism,0,N,0,N,980470,SSS
5,7,9,spring pony,0,N,0,N,920647,S
4,7,9,スペースカーニバル,0,N,0,N,883233,A
5,7,9,隅田川夏恋歌,0,N,0,N,900571,S
3,8,10,smooooch・∀・,0,N,0,N,950919,SS
4,7,9,Slang,0,N,0,N,728950,C
2,6,7,スリル,0,N,0,N,0,N
5,7,9,晴天Bon Voyage,0,N,0,N,917920,S
4,7,9,SAVIOR OF SONG（feat. MY FIRST STORY）,0,N,0,N,0,N
5,8,9,Theory of Eternity,0,N,0,N,967797,SS
4,7,9,Second Heaven,0,N,0,N,994403,SSS
4,8,10,ZED,0,N,0,N,961783,SS
5,8,10,ZZ,0,N,0,N,927039,S
3,7,9,切ないほど,0,N,0,N,0,N
3,7,9,セツナトリップ,0,N,0,N,964171,SS
2,7,9,「善悪の彼岸」,0,N,0,N,0,N
2,6,8,閃光のPRISONER,0,N,0,N,0,N
3,7,9,創世ノート,0,N,0,N,971953,SS
3,6,9,蒼天,0,N,0,N,982420,SSS
6,9,10,Sol Cosine Job 2,0,N,0,N,798621,C
3,7,9,sola,0,N,0,N,0,N
3,6,8,空色デイズ,0,N,0,N,0,N
2,6,9,dye it white,0,N,0,N,951067,SS
4,6,9,TYCOON,0,N,0,N,971093,SS
4,7,10,ダイナマイト,0,N,0,N,974696,SS
3,6,8,Diver,0,N,0,N,0,N
3,6,7,闘いの刻-jubeatREMIX-,0,N,0,N,0,N
1,6,7,タッチ,0,N,0,N,0,N
5,7,10,DOUBLE IMPACT,0,N,974090,SS,939186,S
3,7,9,電司 -DANCE-,0,N,0,N,0,N
3,6,9,DANCE ALL NIGHT,0,N,0,N,970212,SS
2,8,9,Dance My Generation,0,N,0,N,0,N
2,5,8,CHEAT DANCER - short ver -,0,N,0,N,0,N
3,6,8,Che Che Chelip～魔法のコトバ～,0,N,0,N,0,N
4,7,9,ちくわパフェだよ☆CKP,0,N,0,N,961861,SS
5,9,10,chaplet,0,N,0,N,961017,SS
5,6,8,Chance and Dice,0,N,0,N,0,N
4,8,10,TSAR BOMBA,0,N,0,N,901356,S
3,6,8,ツキミチヌ,0,N,0,N,0,N
2,5,7,つけまつける,0,N,0,N,985364,SSS
3,7,9,つぼみ,0,N,0,N,997531,SSS
4,9,10,DIAVOLO,0,N,940953,S,909204,S
3,6,8,DNA狂詩曲,0,N,0,N,0,N
2,5,8,Take Your Way,0,N,0,N,0,N
2,5,8,this storyends,0,N,0,N,0,N
2,5,9,THIS NIGHT (jubeat EDITION),0,N,0,N,977718,SS
3,7,8,Determination,0,N,0,N,0,N
4,9,10,December Breeze,0,N,0,N,880102,A
3,6,8,Daydream caf,0,N,0,N,999475,SSS
5,9,10,Daily Lunch Special,0,N,987894,SSS,956061,SS
5,8,10,Timberwolves,0,N,0,N,904213,S
4,7,9,デッドボヲルdeホームラン,0,N,0,N,921414,S
5,7,10,Devil Fish Dumpling,0,N,0,N,957516,SS
3,8,9,天国と地獄,0,N,0,N,803040,B
4,7,10,天国と地獄,0,N,0,N,901663,S
4,7,8,天上の果て,0,N,0,N,0,N
3,6,9,でんでんぱっしょん,0,N,0,N,972253,SS
3,8,10,"10,000,000,000",0,N,0,N,950286,SS
3,7,9,TWINKLE HEART,0,N,0,N,960608,SS
4,6,8,Twinkle Wonderland,0,N,0,N,0,N
4,9,10,True Blue,0,N,936153,S,918289,S
3,7,9,TRUE LOVE,0,N,0,N,810747,B
5,9,10,ドーパミン,0,N,0,N,879537,A
4,8,10,Thor's Hammer,0,N,0,N,929332,S
3,6,8,都会征服Girls☆,0,N,0,N,984602,SSS
1,6,7,とってもとっても、ありがとう。,0,N,0,N,0,N
4,7,10,轟け！恋のビーンボール！！,0,N,0,N,977013,SS
2,6,8,となりのトトロ feat.sayurina,0,N,0,N,0,N
3,6,8,とまどい→レシピ,0,N,0,N,0,N
3,7,10,DRAGON KILLER,0,N,0,N,954714,SS
4,7,9,Dragontail Butterfly,0,N,0,N,0,N
2,5,8,Dragon Night,0,N,0,N,980470,SSS
5,9,10,Dragon Blade,0,N,0,N,890010,A
2,5,8,ドリームキャッチャー,0,N,0,N,0,N
2,4,7,ドリームメイカー,0,N,0,N,0,N
4,7,10,トリカゴノ鳳凰,0,N,0,N,978236,SS
4,9,9,Triple Journey -S-C-U EDITION-,0,N,0,N,919443,S
4,7,10,トルコ行進曲,792837,C,0,N,953094,SS
3,6,8,Don't stop the music,0,N,0,N,0,N
2,5,8,Dong! Dong!,0,N,0,N,0,N
4,7,9,NIGHT FLIGHT,0,N,0,N,0,N
5,9,10,IX,0,N,0,N,900163,S
6,8,10,†渚の小悪魔ラヴリィ～レイディオ†,0,N,0,N,929131,S
2,6,8,夏祭り,0,N,844324,B,523869,D
5,7,9,ナナホシ,0,N,898597,A,928401,S
4,7,9,虹色の花,0,N,0,N,0,N
3,7,9,New Gravity,0,N,0,N,0,N
4,6,7,newsong,0,N,0,N,0,N
4,8,10,New Decade,0,N,0,N,956505,SS
3,4,7,にんげんっていいな,0,N,0,N,0,N
1,5,8,にんじゃりばんばん,0,N,0,N,989836,SSS
3,7,10,猫侍の逆襲,0,N,0,N,957327,SS
5,8,10,Never Look Back in Sorrow,0,N,0,N,835898,B
5,8,10,neu,0,N,0,N,906321,S
4,7,8,"NO WAVE≒斜陽\""",0,N,0,N,0,N
3,7,8,"No pain, No game",0,N,0,N,0,N
3,6,9,Heart of Gold,0,N,0,N,882810,A
3,6,9,ハートに火をつけて,0,N,0,N,0,N
3,5,8,HEART BEAT,0,N,0,N,0,N
5,6,9,HEART BEAT FORMULA,0,N,0,N,994008,SSS
3,5,8,HeartLatte,0,N,0,N,0,N
4,7,10,HYENA,0,N,0,N,950567,SS
4,7,9,白鳥の湖,0,N,0,N,864324,A
3,5,8,走れメロンパン,0,N,0,N,998524,SSS
3,7,9,passionate fate,0,N,0,N,962156,SS
6,8,9,Happy,0,N,0,N,930215,S
2,5,8,HAPPY☆きたかた,0,N,0,N,0,N
2,5,8,Happy Happy,0,N,0,N,0,N
3,6,9,Buddy,0,N,0,N,0,N
2,8,9,華爛漫 -Flowers-,0,N,0,N,930071,S
4,8,10,PUNISHER,0,N,0,N,972256,SS
4,5,8,Parachute,0,N,0,N,0,N
4,7,9,PULSE LASER,0,N,0,N,0,N
3,8,9,Baroque Hoedown,0,N,0,N,0,N
3,6,9,ハンガリー舞曲 第5番 (jubeat version),0,N,0,N,0,N
5,9,10,バンブーソード・ガール,0,N,969459,SS,949877,S
5,9,10,Beastie Starter,0,N,993826,SSS,853930,A
5,9,10,HEAT-BIT-HIT-BEAT,0,N,0,N,952352,SS
3,7,9,ヒーロー,0,N,0,N,0,N
2,5,8,ひかり,0,N,0,N,0,N
4,6,8,非公開日誌,997452,SSS,998845,SSS,982103,SSS
3,7,9,ViViD,0,N,0,N,0,N
3,6,8,ﾛ畢ﾛ畢ﾛ畢 -Bi Bi Bi-,0,N,0,N,0,N
2,5,9,101回目の呪い,0,N,0,N,0,N
3,9,10,HYDRA,0,N,0,N,952795,SS
3,6,8,Pink Rose,0,N,0,N,0,N
4,7,10,Far east nightbird,0,N,0,N,964533,SS
3,7,9,FIGHTERS,0,N,0,N,0,N
6,8,10,532nm,0,N,814953,B,936871,S
2,5,8,Find your way,0,N,0,N,0,N
4,7,10,FUNKY SUMMER BEACH,0,N,0,N,959415,SS
4,7,9,Fantasia,0,N,0,N,970627,SS
3,8,9,"FANTASTIC★DREAMER feat.SO-TA,Rhyzm Horse,Yoonji",0,N,0,N,0,N
4,7,9,ファントムヴァイブレーション,0,N,0,N,0,N
4,9,10,V,0,N,0,N,926810,S
1,7,8,V.I.P,0,N,0,N,0,N
3,7,8,全城熱愛 -Feel the Love-,0,N,0,N,0,N
3,6,8,Field on!,0,N,0,N,0,N
4,8,10,FUJIN Rumble,0,N,0,N,885358,A
3,5,9,フー・フローツ,0,N,0,N,987664,SSS
4,5,8,fellow,0,N,0,N,0,N
7,9,10,405nm (Ryu☆mix),0,N,0,N,909913,S
4,7,9,Follow Tomorrow,0,N,0,N,957444,SS
3,5,7,Follow Me,0,N,0,N,0,N
3,7,9,不可逆リプレイス,0,N,0,N,0,N
3,5,9,ふしぎなくすり,0,N,0,N,939772,S
5,8,10,PRANA,0,N,0,N,953875,SS
5,8,10,Fly with me,0,N,0,N,959739,SS
3,7,9,PRIME TIME,0,N,0,N,968061,SS
3,5,9,black bullet,0,N,0,N,965139,SS
4,7,9,Plum,0,N,0,N,0,N
6,9,10,FLOWER,0,N,817430,B,933769,S
5,8,10,Plan 8,0,N,0,N,944155,S
3,7,9,Brand New World,0,N,0,N,0,N
4,7,9,Flip Flap,0,N,0,N,977730,SS
5,9,10,BLUE STRAGGLER,0,N,0,N,923730,S
3,6,9,BLUE DRAGON,0,N,0,N,959121,SS
2,4,6,BLUE BIRD,0,N,0,N,0,N
2,5,8,ブルー・フィールド,0,N,0,N,0,N
4,7,10,Proof of the existence,0,N,0,N,919647,S
2,5,7,フレンズ,0,N,0,N,0,N
4,7,8,FRIENDSHIP,0,N,0,N,0,N
4,9,10,Broken,0,N,0,N,951887,SS
4,7,9,prop the world,0,N,0,N,958371,SS
4,7,9,Prophet Vibe,0,N,0,N,883450,A
3,7,9,From Noon Till Dawn feat.Tabu Zombie & Kunikazu Tanaka,0,N,0,N,0,N
3,7,8,Boom! Boom! Miracle Emotion,0,N,0,N,0,N
3,6,9,Baby Sweet Berry Love,0,N,0,N,962577,SS
5,8,9,Baby Bleep March,0,N,0,N,921963,S
5,6,8,bass 2 bass,0,N,0,N,955706,SS
3,5,9,HEKIREKI,0,N,0,N,0,N
5,8,10,HEAVENLY MOON,0,N,0,N,905123,S
4,7,9,heron,0,N,0,N,974668,SS
3,6,9,POINT ZERO,0,N,0,N,903760,S
3,6,9,防衛本脳,0,N,0,N,960758,SS
4,7,9,亡国のヒストリア,0,N,0,N,986571,SSS
5,8,10,Holy Snow,0,N,0,N,855038,A
3,6,9,ホーンテッド★メイドランチ,0,N,0,N,975255,SS
3,7,9,Born to be,0,N,0,N,0,N
2,6,8,僕は君に恋をした,0,N,0,N,0,N
2,5,7,僕らの永遠～何度生まれ変わっても、手を繋ぎたいだけの愛だから～,0,N,0,N,0,N
2,4,7,星に願いを,0,N,0,N,0,N
4,7,9,ほしふり,0,N,0,N,984645,SSS
4,8,9,ポチコの幸せな日常,0,N,0,N,0,N
5,7,8,HOT LIMIT,0,N,0,N,0,N
3,6,8,ポップミュージック論,0,N,0,N,972455,SS
2,5,8,Polaris,0,N,0,N,0,N
4,6,9,polygon,0,N,927194,S,955754,SS
3,6,8,滅びに至るエランプシス,0,N,0,N,983390,SSS
3,5,7,PONPONPON,0,N,0,N,0,N
3,5,8,マーメイド,0,N,0,N,0,N
3,6,8,my cosmic world,0,N,0,N,0,N
6,7,10,Mynarco,0,N,0,N,950828,SS
3,6,7,My HERO,0,N,0,N,0,N
3,7,9,マインド・ゲーム,0,N,0,N,946098,S
4,7,9,maximum the hormone,0,N,0,N,906323,S
7,8,10,Macuilxochitl,0,N,0,N,921294,S
5,8,10,Magnetic,0,N,0,N,950882,SS
4,8,10,Mother Ship,0,N,0,N,953904,SS
2,7,9,マジLOVE1000%,0,N,0,N,949124,S
3,7,9,マジLOVE2000%,0,N,0,N,0,N
3,7,9,マスターピース,0,N,0,N,770019,C
5,7,9,瞬,958847,SS,0,N,896249,A
2,5,8,MATATABISTEP,0,N,0,N,0,N
3,8,9,纒,0,N,0,N,729471,C
3,6,8,MAMORE!!!,0,N,0,N,0,N
4,7,9,回レ！雪月花,0,N,0,N,965438,SS
5,8,9,万華鏡,0,N,0,N,0,N
2,7,9,MITOれて！いばらきっしゅだ～りん,0,N,0,N,0,N
4,7,10,Mirage,0,N,0,N,929869,S
2,6,8,MirrorDance,0,N,0,N,0,N
4,6,8,milky ice bear,0,N,0,N,987196,SSS
3,5,9,Milchstraβe,0,N,0,N,0,N
4,7,10,Move That Body,0,N,0,N,955335,SS
4,7,9,めうめうぺったんたん！！,0,N,0,N,980318,SSS
2,5,9,滅亡天使 † にこきゅっぴん,0,N,0,N,980015,SSS
3,7,9,Metric,0,N,0,N,945644,S
3,7,10,METROPOLIS,0,N,0,N,951128,SS
4,7,8,女々しくて,0,N,0,N,0,N
4,7,8,猛烈宇宙交響曲・第七楽章「無限の愛」,0,N,0,N,960299,SS
2,6,8,もったいないとらんど,0,N,0,N,998196,SSS
4,8,9,Mono Logic,0,N,0,N,931348,S
3,5,7,モンスターのかくれんぼ,0,N,0,N,0,N
3,6,9,野球の遊び方　そしてその歴史　～決定版～,0,N,0,N,951607,SS
4,6,9,やさしくなりたい,0,N,0,N,868813,A
3,6,9,優勢オーバードーズ,0,N,0,N,0,N
4,8,10,Unicorn tail Dustboxxxx RMX,0,N,0,N,962017,SS
2,4,9,unisonote,0,N,0,N,976119,SS
4,7,9,Universe Universe,0,N,0,N,0,N
2,5,8,夢見る少女じゃいられない,0,N,698545,D,0,N
5,8,10,Riot of Color,0,N,0,N,886766,A
5,7,9,Right on time (Ryu☆ Remix),0,N,0,N,0,N
2,6,9,RIGHT NOW,0,N,0,N,0,N
4,7,8,Life Connection,0,N,0,N,0,N
2,6,8,Lifetime Journey,0,N,0,N,0,N
3,7,9,らいらら,0,N,0,N,0,N
4,8,9,LUV CAN SAVE U,0,N,0,N,908437,S
3,9,10,ラキラキ,0,N,0,N,850200,A
4,8,10,ラクガキスト,0,N,0,N,925923,S
3,5,9,LUCKY-YO!!,0,N,0,N,0,N
4,8,9,Rush!!,0,N,0,N,0,N
2,5,9,LANA - Answer II -,0,N,0,N,0,N
2,6,8,LANA - Answer I -,0,N,0,N,0,N
3,6,8,LANA - キロクノカケラ -,0,N,0,N,0,N
3,6,8,LANA - キロクノカケラ (sasakure.UK Framework Remix) -,0,N,0,N,0,N
1,4,6,LANA - ココロノキオク -,0,N,0,N,0,N
3,6,8,LANA - セカイノハズレ -,0,N,0,N,0,N
2,5,8,LANA - ヒトリノウタ -,0,N,0,N,0,N
3,7,9,Love at First Sight,0,N,0,N,804499,B
2,7,8,LOVE & JOY,0,N,0,N,890974,A
3,7,9,Love km,0,N,0,N,806080,B
2,4,6,Love so sweet,0,N,0,N,0,N
2,7,9,ラブラブキュートなハピハピサンデー,0,N,0,N,0,N
3,7,8,LoveLove DokiDoki,0,N,0,N,0,N
3,5,8,Real Clothes<Album Mix>,0,N,0,N,0,N
2,5,7,リーゼントブルース,0,N,0,N,0,N
3,7,9,Lead Me,0,N,0,N,826927,B
4,8,10,Lisa-RICCIA,0,N,0,N,910879,S
3,6,8,LISTEN TO THE STEREO!!,0,N,765504,C,0,N
5,7,9,Little Star,0,N,0,N,960720,SS
3,7,9,Little Flipper,0,N,0,N,973182,SS
3,6,8,リメンバーリメンバー,0,N,0,N,0,N
5,7,9,流砂の嵐,0,N,0,N,822755,B
5,7,10,量子の海のリントヴルム,0,N,0,N,857639,A
4,7,9,凛として咲く花の如く,0,N,0,N,972675,SS
5,7,9,凛として咲く花の如く ～ひなビタ♪ edition～,0,N,0,N,951233,SS
5,7,9,ルービックキューブ,1000000,EXC,990594,SSS,983285,SSS
3,6,9,ルシャナの気持ち,0,N,0,N,0,N
3,7,9,le mirage,0,N,0,N,954050,SS
3,7,9,Ray,0,N,0,N,992850,SSS
2,5,9,Rainbow after snow,0,N,0,N,958787,SS
3,6,9,Resurrection,0,N,0,N,972922,SS
4,7,9,Let's ダバダバ,0,N,0,N,865943,A
1,3,6,レット・イット・ゴー～ありのままで～,0,N,0,N,995794,SSS
6,8,10,Red Goose,0,N,0,N,890908,A
4,8,10,RED ZONE,0,N,0,N,950401,SS
3,7,9,恋愛観測,0,N,0,N,926762,S
5,7,8,恋閃繚乱,0,N,0,N,0,N
5,8,10,Russian Snowy Dance,0,N,0,N,962138,SS
4,8,10,ロストワンの号哭,0,N,985834,SSS,983741,SSS
3,7,8,Rocknrolla!,0,N,0,N,0,N
4,6,9,robin,0,N,0,N,991904,SSS
3,9,10,Romancing Layer,0,N,0,N,953054,SS
4,5,8,我が麗しのバレンシア,971260,SS,0,N,974990,SS
6,9,10,WONDER WALKER,0,N,962130,SS,932374,S
3,6,8,1 2 3 ～恋がはじまる～,0,N,0,N,0,N
3,6,8,One Night Carnival,0,N,0,N,0,N
